Amplicon_ID	Amplicon_name	Template_ID	Pool	Chr	Start	End	Assembly	HGNC_gene	Refseq_protein_ID	Mutations	Amplicon_length	Seq_length	F_primer	R_primer	F_primer_len	R_primer_len	F_primer_GC	R_primer_GC	Amplicon_GC	Amplicon
CG001v3.4.3	AKT1:E17	TMPLT322	B	chr14	105246485	105246592	hg19	AKT1		E17	108	108	TGTAGCCAATGAAGGTGCCA	GTAGAGTGTGCGTGGCTCTC	20	20				TGTAGCCAATGAAGGTGCCATCATTCTTGAGGAGGAAGTAGCGTGGCCGCCAGGTCTTGATGTACTCCCCTACAGACGTGCGGGTGGTGAGAGCCACGCACACTCTAC
CG001v3.4.4	ALK:T1151_L1152_C1156	TMPLT335	C	chr2	29445214	29445328	hg19	ALK		T1151_L1152_C1156	115	115	TGATCAGGGCTTCCATGAGGA	CAGTTCTCAGCTCACAGCCT	21	20				TGATCAGGGCTTCCATGAGGAAATCCAGTTCGTCCTGTTCAGAGCACACTTCAGGCAGCGTCTGGGCAGAGAAGGGGAGGGTGGGGAGGAGGAGGAGGCTGTGAGCTGAGAACTG
CG001v3.4.5	ALK:R1275_G1269	TMPLT479	A	chr2	29432604	29432742	hg19	ALK		R1275_G1269	139	139	CTGAGGTGGAAGAGACAGGC	ACATTGCTGCCAGAAACTGC	20	20				CTGAGGTGGAAGAGACAGGCCCGGAGGGGTGAGGCAGTCTTTACTCACCTGTAGATGTCTCGGGCCATCCCGAAGTCTCCAATCTTGGCCACTCTTCCAGGGCCTGGACAGGTCAAGAGGCAGTTTCTGGCAGCAATGT
CG001v3.4.7	AR:H875_F877_T878	TMPLT353	C	chrX	66943480	66943604	hg19	AR		H875_F877_T878	125	125	CCACCTCCTTGTCAACCCTG	ATTTCCGGAAAGTCCACGCT	20	20				CCACCTCCTTGTCAACCCTGTTTTTCTCCCTCTTATTGTTCCCTACAGATTGCGAGAGAGCTGCATCAGTTCACTTTTGACCTGCTAATCAAGTCACACATGGTGAGCGTGGACTTTCCGGAAAT
CG001v3.4.8	AR:S741_W742	TMPLT352	C	chrX	66937314	66937444	hg19	AR		S741_W742	131	131	CTCCAGGCTTCCGCAACTTA	GGCGAAGTAGAGCATCCTGG	20	20				CTCCAGGCTTCCGCAACTTACACGTGGACGACCAGATGGCTGTCATTCAGTACTCCTGGATGGGGCTCATGGTGTTTGCCATGGGCTGGCGATCCTTCACCAATGTCAACTCCAGGATGCTCTACTTCGCC
CG001v3.4.9	AR:V716	TMPLT529	B	chrX	66931469	66931568	hg19	AR		V716	100	100	GCCTCAATGAACTGGGAGAGAG	CCCCCTTATCTCATGCTCCC	22	20				GCCTCAATGAACTGGGAGAGAGACAGCTTGTACACGTGGTCAAGTGGGCCAAGGCCTTGCCTGGTAAGGAAAAGGGAAGTGGGAGCATGAGATAAGGGGG
CG001v3.4.11	BRAF:D594_G596_L597_V600_K601	TMPLT345	C	chr7	140453107	140453219	hg19	BRAF		D594_G596_L597_V600_K601	113	113	ACTGATGGGACCCACTCCAT	GTTTTCCTTTACTTACTACACCTCAGA	20	27				ACTGATGGGACCCACTCCATCGAGATTTCACTGTAGCTAGACCAAAATCACCTATTTTTACTGTGAGGTCTTCATGAAGAAATATATCTGAGGTGTAGTAAGTAAAGGAAAAC
CG001v3.4.13	CTNNB1:D32_S33_G34_S37_T41_S45	TMPLT338	C	chr3	41266067	41266170	hg19	CTNNB1		D32_S33_G34_S37_T41_S45	104	104	GTTAGTCACTGGCAGCAACA	TCCTCTTCCTCAGGATTGCC	20	20				GTTAGTCACTGGCAGCAACAGTCTTACCTGGACTCTGGAATCCATTCTGGTGCCACTACCACAGCTCCTTCTCTGAGTGGTAAAGGCAATCCTGAGGAAGAGGA
CG001v3.4.14	DDR2:I638	TMPLT530	A	chr1	162745467	162745565	hg19	DDR2		I638	99	99	ATCATGTCTCGGCTCAAGGAC	TCCATTCTCCATGTATTCAGTGATC	21	25				ATCATGTCTCGGCTCAAGGACCCAAACATCATCCATCTATTAGCTGTGTGTATCACTGATGACCCTCTCTGTATGATCACTGAATACATGGAGAATGGA
CG001v3.4.15	DDR2:L239	TMPLT531	A	chr1	162729583	162729693	hg19	DDR2		L239	111	111	CAGCATGACAGAAGGGCTAGG	CGCCAGCCCACATAGTCATA	21	20				CAGCATGACAGAAGGGCTAGGCCAATTGACCGATGGTGTGTCTGGCCTGGACGATTTCACCCAGACCCATGAATACCACGTGTGGCCCGGCTATGACTATGTGGGCTGGCG
CG001v3.4.16	DDR2:S768	TMPLT532	A	chr1	162748326	162748427	hg19	DDR2		S768	102	102	GCACAGGTTATTCTGATTTCCCA	AAGTCTCCCACAAAGTAACCCC	23	22				GCACAGGTTATTCTGATTTCCCATTCTTTTCTTTACTTAAATAGGGCAAGTTCACTACAGCAAGTGATGTGTGGGCCTTTGGGGTTACTTTGTGGGAGACTT
CG001v3.4.18	EGFR:Exon21_part2	TMPLT360	B	chr7	55259464	55259603	hg19	EGFR		Exon21_part2	140	140	GGAACGTACTGGTGAAAACAC	AGGAAAATGCTGGCTGACCT	21	20				GGAACGTACTGGTGAAAACACCGCAGCATGTCAAGATCACAGATTTTGGGCTGGCCAAACTGCTGGGTGCGGAAGAGAAAGAATACCATGCAGAAGGAGGCAAAGTAAGGAGGTGGCTTTAGGTCAGCCAGCATTTTCCT
CG001v3.4.20	EGFR:Exon19	TMPLT447	C	chr7	55242390	55242538	hg19	EGFR		Exon19	149	149	CGTCTTCCTTCTCTCTCTGTC	CCCACACAGCAAAGCAGAAA	21	20				CGTCTTCCTTCTCTCTCTGTCATAGGGACTCTGGATCCCAGAAGGTGAGAAAGTTAAAATTCCCGTCGCTATCAAGGAATTAAGAGAAGCAACATCTCCGAAAGCCAACAAGGAAATCCTCGATGTGAGTTTCTGCTTTGCTGTGTGGG
CG001v3.4.22	EGFR:Exon20_part2_C797	TMPLT522	A	chr7	55249040	55249161	hg19	EGFR		Exon20_part2_C797	122	122	ATCTGCCTCACCTCCACCG	TGCACACACCAGTTGAGCAG	19	20				ATCTGCCTCACCTCCACCGTGCAGCTCATCACGCAGCTCATGCCCTTCGGCTGCCTCCTGGACTATGTCCGGGAACACAAAGACAATATTGGCTCCCAGTACCTGCTCAACTGGTGTGTGCA
CG001v3.4.24	EGFR:Exon21_part1	TMPLT359	C	chr7	55259383	55259518	hg19	EGFR		Exon21_part1	136	136	CCCTCACAGCAGGGTCTTC	GCCAGCCCAAAATCTGTGATC	19	21				CCCTCACAGCAGGGTCTTCTCTGTTTCAGGGCATGAACTACTTGGAGGACCGTCGCTTGGTGCACCGCGACCTGGCAGCCAGGAACGTACTGGTGAAAACACCGCAGCATGTCAAGATCACAGATTTTGGGCTGGC
CG001v3.4.25	ERBB2:Exon20_part1	TMPLT372	A	chr17	37880955	37881094	hg19	ERBB2		Exon20_part1	140	140	CTCTCAGCGTACCCTTGTCC	TCTAAGAGGCAGCCATAGGG	20	20				CTCTCAGCGTACCCTTGTCCCCAGGAAGCATACGTGATGGCTGGTGTGGGCTCCCCATATGTCTCCCGCCTTCTGGGCATCTGCCTGACATCCACGGTGCAGCTGGTGACACAGCTTATGCCCTATGGCTGCCTCTTAGA
CG001v3.4.26	ERBB2:Exon20_part2	TMPLT373	C	chr17	37881051	37881188	hg19	ERBB2		Exon20_part2	138	138	GTGCAGCTGGTGACACAG	CCTGCAAAGAGCCCAGGTG	18	19				GTGCAGCTGGTGACACAGCTTATGCCCTATGGCTGCCTCTTAGACCATGTCCGGGAAAACCGCGGACGCCTGGGCTCCCAGGACCTGCTGAACTGGTGTATGCAGATTGCCAAGGTATGCACCTGGGCTCTTTGCAGG
CG001v3.4.27	ERBB2:G309_S310	TMPLT326	C	chr17	37868136	37868255	hg19	ERBB2		G309_S310	120	120	CACGAAGGGCCAGGGTATG	CCTCTGCTGTCACCTCTTGG	19	20				CACGAAGGGCCAGGGTATGTGGCTACATGTTCCTGATCTCCTTAGACAACTACCTTTCTACGGACGTGGGATCCTGCACCCTCGTCTGCCCCCTGCACAACCAAGAGGTGACAGCAGAGG
CG001v3.4.28	ERBB2:L755	TMPLT555	B	chr17	37880190	37880291	hg19	ERBB2		L755	102	102	ATGTGAAAATTCCAGTGGCCAT	CCTAGCAGGAGAGGGTGGAG	22	20				ATGTGAAAATTCCAGTGGCCATCAAAGTGTTGAGGGAAAACACATCCCCCAAAGCCAACAAAGAAATCTTAGACGTAAGCCCCTCCACCCTCTCCTGCTAGG
CG001v3.4.30	ESR1:S463	TMPLT535	A	chr6	152415498	152415597	hg19	ESR1		S463	100	100	CACTCTCTCTCTGCGCATTCA	TGATCTTGTCCAGGACTCGG	21	20				CACTCTCTCTCTGCGCATTCAGGAGTGTACACATTTCTGTCCAGCACCCTGAAGTCTCTGGAAGAGAAGGACCATATCCACCGAGTCCTGGACAAGATCA
CG001v3.4.31	ESR1:V534_P535_L536_Y537_D538	TMPLT343	C	chr6	152419841	152419949	hg19	ESR1		V534_P535_L536_Y537_D538	109	109	TCCTTTCTGTGTCTTCCCACC	CGTCCAGCATCTCCAGCAG	21	19				TCCTTTCTGTGTCTTCCCACCTACAGTAACAAAGGCATGGAGCATCTGTACAGCATGAAGTGCAAGAACGTGGTGCCCCTCTATGACCTGCTGCTGGAGATGCTGGACG
CG001v3.4.37	GNA11:Q209	TMPLT330	B	chr19	3118905	3119014	hg19	GNA11		Q209	110	110	GCGCTGTGTCCTTTCAGGA	CTGAGGGCGACGAGAAACAT	19	20				GCGCTGTGTCCTTTCAGGATGGTGGATGTGGGGGGCCAGCGGTCGGAGCGGAGGAAGTGGATCCACTGCTTTGAGAACGTGACATCCATCATGTTTCTCGTCGCCCTCAG
CG001v3.4.38	GNAQ:Q209	TMPLT351	A	chr9	80409413	80409517	hg19	GNAQ		Q209	105	105	TCACTAAGCGCTACTAGAAACATGA	ACCTTGCAGAATGGTCGATGT	25	21				TCACTAAGCGCTACTAGAAACATGATAGAGGTGACATTTTCAAAGCAGTGTATCCATTTTCTTCTCTCTGACCTTTGGCCCCCTACATCGACCATTCTGCAAGGT
CG001v3.4.39	GNAS:R201	TMPLT431	A	chr20	57484367	57484473	hg19	GNAS		R201	107	107	GGCTTTGGTGAGATCCATTGAC	GTTGACTTTGTCCACCTGGA	22	20				GGCTTTGGTGAGATCCATTGACCTCAATTTTGTTTCAGGACCTGCTTCGCTGCCGTGTCCTGACTTCTGGAATCTTTGAGACCAAGTTCCAGGTGGACAAAGTCAAC
CG001v3.4.41	HRAS:Q61	TMPLT316	B	chr11	533810	533935	hg19	HRAS		Q61	126	126	AAACACACACAGGAAGCCCT	CGGAAGCAGGTGGTCATTGA	20	20				AAACACACACAGGAAGCCCTCCCCGGTGCGCATGTACTGGTCCCGCATGGCGCTGTACTCCTCCTGGCCGGCGGTATCCAGGATGTCCAACAGGCACGTCTCCCCATCAATGACCACCTGCTTCCG
CG001v3.4.42	IDH1:R132	TMPLT336	B	chr2	209113078	209113191	hg19	IDH1		R132	114	114	GCCAACATGACTTACTTGATCCC	ACGGTCTTCAGAGAAGCCAT	23	20				GCCAACATGACTTACTTGATCCCCATAAGCATGACGACCTATGATGATAGGTTTTACCCATCCACTCACAAGCCGGGGGATATTTTTGCAGATAATGGCTTCTCTGAAGACCGT
CG001v3.4.43	IDH2:R140_R172	TMPLT444	B	chr15	90631812	90631959	hg19	IDH2		R140_R172	148	148	GGCCTACCTGGTCGCCAT	TGGAAAAGTCCCAATGGAACT	18	21				GGCCTACCTGGTCGCCATGGGCGTGCCTGCCAATGGTGATGGGCTTGGTCCAGCCAGGGACTAGGCGTGGGATGTTTTTGCAGATGATGGGCTCCCGGAAGACAGTCCCCCCCAGGATGTTCCGGATAGTTCCATTGGGACTTTTCCA
CG001v3.4.46	KIT:A829	TMPLT536	A	chr4	55602602	55602702	hg19	KIT		A829	101	101	TCTGTTCAATTTTGTTGAGCTTCTGA	AATGCTTTCAGGTGCCATCCA	26	21				TCTGTTCAATTTTGTTGAGCTTCTGAATTAACATTATTGACTCTGTTGTGCTTCTATTACAGGCTCGACTACCTGTGAAGTGGATGGCACCTGAAAGCATT
CG001v3.4.48	KIT:D816_D820_N822_Y823	TMPLT342	B	chr4	55599271	55599395	hg19	KIT		D816_D820_N822_Y823	125	125	CCTTACTCATGGTCGGATCACA	CCTTTGCAGGACTGTCAAGC	22	20				CCTTACTCATGGTCGGATCACAAAGATTTGTGATTTTGGTCTAGCCAGAGACATCAAGAATGATTCTAATTATGTGGTTAAAGGAAACGTGAGTACCCATTCTCTGCTTGACAGTCCTGCAAAGG
CG001v3.4.49	KIT:Exon11_part1	TMPLT370	A	chr4	55593554	55593670	hg19	KIT		Exon11_part1	117	117	TGATCTATTTTTCCCTTTCTCCCCA	TCATAAGGAAGTTGTGTTGGGTC	25	23				TGATCTATTTTTCCCTTTCTCCCCACAGAAACCCATGTATGAAGTACAGTGGAAGGTTGTTGAGGAGATAAATGGAAACAATTATGTTTACATAGACCCAACACAACTTCCTTATGA
CG001v3.4.50	KIT:Exon11_part2	TMPLT371	B	chr4	55593599	55593736	hg19	KIT		Exon11_part2	138	138	ACAGTGGAAGGTTGTTGAGGA	ACATGGAAAGCCCCTGTTTCA	21	21				ACAGTGGAAGGTTGTTGAGGAGATAAATGGAAACAATTATGTTTACATAGACCCAACACAACTTCCTTATGATCACAAATGGGAGTTTCCCAGAAACAGGCTGAGTTTTGGTCAGTATGAAACAGGGGCTTTCCATGT
CG001v3.4.51	KIT:Exon13_part1	TMPLT368	C	chr4	55594144	55594280	hg19	KIT		Exon13_part1	137	137	GCTTTTTGCTAAAATGCATGTTTCC	GGTGCAGGCTCCAAGTAGAT	25	20				GCTTTTTGCTAAAATGCATGTTTCCAATTTTAGCGAGTGCCCATTTGACAGAACGGGAAGCCCTCATGTCTGAACTCAAAGTCCTGAGTTACCTTGGTAATCACATGAATATTGTGAATCTACTTGGAGCCTGCACC
CG001v3.4.53	KIT:Exon9_part1	TMPLT513	B	chr4	55591995	55592097	hg19	KIT		Exon9_part1	103	103	GCCAGGGCTTTTGTTTTCTTCC	ACCACTAGCTTTCCAAACGGT	22	21				GCCAGGGCTTTTGTTTTCTTCCCTTTAGATGCTCTGCTTCTGTACTGCCAGTGGATGTGCAGACACTAAACTCATCTGGGCCACCGTTTGGAAAGCTAGTGGT
CG001v3.4.54	KIT:Exon9_part2	TMPLT514	C	chr4	55592038	55592170	hg19	KIT		Exon9_part2	133	133	ACTGCCAGTGGATGTGCA	GCCCACATCGTTGTAAGCC	18	19				ACTGCCAGTGGATGTGCAGACACTAAACTCATCTGGGCCACCGTTTGGAAAGCTAGTGGTTCAGAGTTCTATAGATTCTAGTGCATTCAAGCACAATGGCACGGTTGAATGTAAGGCTTACAACGATGTGGGC
CG001v3.4.59	KRAS:A59_Q61	TMPLT320	B	chr12	25380228	25380356	hg19	KRAS		A59_Q61	129	129	CCCTCCCCAGTCCTCATGTA	CCCTTCTCAGGATTCCTACAGG	20	22				CCCTCCCCAGTCCTCATGTACTGGTCCCTCATTGCACTGTACTCCTCTTGACCTGCTGTGTCGAGAATATCCAAGAGACAGGTTTCTCCATCAATTACTACTTGCTTCCTGTAGGAATCCTGAGAAGGG
CG001v3.4.65	MET:Exon14-50+25_part1	TMPLT564	C	chr7	116411828	116411960	hg19	MET		Exon14-50+25_part1	133	133	TGGGCACTGGGTCAAAGT	CTATCCAAATGAGGAGTGTGTACT	18	24				TGGGCACTGGGTCAAAGTCTCCTGGGGCCCATGATAGCCGTCTTTAACAAGCTCTTTCTTTCTCTCTGTTTTAAGATCTGGGCAGTGAATTAGTTCGCTACGATGCAAGAGTACACACTCCTCATTTGGATAG
CG001v3.4.68	MET:Exon13_part2	TMPLT457	B	chr7	116411564	116411686	hg19	MET		Exon13_part2	123	123	ATTTCTTCAACCGTCCTTGGA	CAGCCACAGGAAAAACCCAAG	21	21				ATTTCTTCAACCGTCCTTGGAAAAGTAATAGTTCAACCAGATCAGAATTTCACAGGATTGATTGCTGGTGTTGTCTCAATATCAACAGCACTGTTATTACTACTTGGGTTTTTCCTGTGGCTG
CG001v3.4.70	MET:Exon18_part1	TMPLT366	C	chr7	116422015	116422138	hg19	MET		Exon18_part1	124	124	TGCTTTTCTAACTCTCTTTGACTG	CAGCCAAGTCTCTGTGGACA	24	20				TGCTTTTCTAACTCTCTTTGACTGCAGAATCCAACTGTAAAAGATCTTATTGGCTTTGGTCTTCAAGTAGCCAAAGGCATGAAATATCTTGCAAGCAAAAAGTTTGTCCACAGAGACTTGGCTG
CG001v3.4.71	MET:Exon18_part2	TMPLT367	B	chr7	116422067	116422182	hg19	MET		Exon18_part2	116	116	GCTTTGGTCTTCAAGTAGCCA	TGGATTGTGGCACAGAGATTCT	21	22				GCTTTGGTCTTCAAGTAGCCAAAGGCATGAAATATCTTGCAAGCAAAAAGTTTGTCCACAGAGACTTGGCTGCAAGAAACTGTATGTAAGTATCAGAATCTCTGTGCCACAATCCA
CG001v3.4.72	MET:Y1253	TMPLT344	C	chr7	116423371	116423473	hg19	MET		Y1253	103	103	TTCACAGTCAAGGTTGCTGA	TCCACTTCACTGGCAGCTTT	20	20				TTCACAGTCAAGGTTGCTGATTTTGGTCTTGCCAGAGACATGTATGATAAAGAATACTATAGTGTACACAACAAAACAGGTGCAAAGCTGCCAGTGAAGTGGA
CG001v3.4.73	NRAS:A146	TMPLT304	C	chr1	115252133	115252242	hg19	NRAS		A146	110	110	ACCAGAGTTAATCAACTGATGCA	TGGCCAAGAGTTACGGGATT	23	20				ACCAGAGTTAATCAACTGATGCAAACTCTTGCACAAATGCTGAAAGCTGTACCATACCTGTCTGGTCTTGGCTGAGGTTTCAATGAATGGAATCCCGTAACTCTTGGCCA
CG001v3.4.74	NRAS:G12_G13	TMPLT307	C	chr1	115258700	115258806	hg19	NRAS		G12_G13	107	107	AGTGGTTCTGGATTAGCTGGA	TCCAACAGGTTCTTGCTGGT	21	20				AGTGGTTCTGGATTAGCTGGATTGTCAGTGCGCTTTTCCCAACACCACCTGCTCCAACCACCACCAGTTTGTACTCAGTCATTTCACACCAGCAAGAACCTGTTGGA
CG001v3.4.75	NRAS:K117	TMPLT305	B	chr1	115252224	115252323	hg19	NRAS		K117	100	100	ATCCCGTAACTCTTGGCCAG	CGGATGATGTACCTATGGTGCT	20	22				ATCCCGTAACTCTTGGCCAGTTCGTGGGCTTGTTTTGTATCAACTGTCCTTGTTGGCAAATCACACTTGTTTCCCACTAGCACCATAGGTACATCATCCG
CG001v3.4.76	NRAS:A59_Q61	TMPLT306	B	chr1	115256468	115256570	hg19	NRAS		A59_Q61	103	103	TACACAGAGGAAGCCTTCGC	TGGTGAAACCTGTTTGTTGGAC	20	22				TACACAGAGGAAGCCTTCGCCTGTCCTCATGTATTGGTCTCTCATGGCACTGTACTCTTCTTGTCCAGCTGTATCCAGTATGTCCAACAAACAGGTTTCACCA
CG001v3.4.77	PDGFRA:N659	TMPLT538	B	chr4	55144085	55144185	hg19	PDGFRA		N659	101	101	ACAAGCTCTCATGTCTGAACTGA	CAGTGAGCCCACCTGACTTG	23	20				ACAAGCTCTCATGTCTGAACTGAAGATAATGACTCACCTGGGGCCACATTTGAACATTGTAAACTTGCTGGGAGCCTGCACCAAGTCAGGTGGGCTCACTG
CG001v3.4.81	PIK3CA:M1043_N1044_A1046_H1047_G1049	TMPLT340	B	chr3	178952041	178952143	hg19	PIK3CA		M1043_N1044_A1046_H1047_G1049	103	103	GCAAGAGGCTTTGGAGTATTTCA	TGCATGCTGTTTAATTGTGTGGA	23	23				GCAAGAGGCTTTGGAGTATTTCATGAAACAAATGAATGATGCACATCATGGTGGCTGGACAACAAAAATGGATTGGATCTTCCACACAATTAAACAGCATGCA
CG001v3.4.82	PIK3CA:R88	TMPLT540	C	chr3	178916833	178916939	hg19	PIK3CA		R88	107	107	ACTCAAGAAGCAGAAAGGGAAG	TCACGGTTGCCTACTGGTTC	22	20				ACTCAAGAAGCAGAAAGGGAAGAATTTTTTGATGAAACAAGACGACTTTGTGACCTTCGGCTTTTTCAACCCTTTTTAAAAGTAATTGAACCAGTAGGCAACCGTGA
CG001v3.4.83	PTCH1:G1093	TMPLT541	C	chr9	98218551	98218645	hg19	PTCH1		G1093	95	95	CCCATACCAAAGCAACGTGAAC	CATCGGAATCAAGCTCAGTGC	22	21				CCCATACCAAAGCAACGTGAACGGTGAACTCCACTCCTATGCCAACAGAAGCGATCAGGATGACCACGGGCACGGCACTGAGCTTGATTCCGATG
CG001v3.4.84	PTCH1:W844	TMPLT542	A	chr9	98229395	98229492	hg19	PTCH1		W844	98	98	TACCCTGAAGCCAGTCTCTGA	ACACAGGAGTTTCAGTAACGTG	21	22				TACCCTGAAGCCAGTCTCTGAAGTAGTGCAGCCACATTTTGGGAAGCTGTTTGTTTTCTTCCAACATGACATACTTCACGTTACTGAAACTCCTGTGT
CG001v3.4.89	RET:C634	TMPLT308	B	chr10	43609898	43609999	hg19	RET		C634	102	102	TGCCAAGCCTCACACCAC	GCACCGAGACGATGAAGGAG	18	20				TGCCAAGCCTCACACCACCCCCACCCACAGATCCACTGTGCGACGAGCTGTGCCGCACGGTGATCGCAGCCGCTGTCCTCTTCTCCTTCATCGTCTCGGTGC
CG001v3.4.90	RET:M918	TMPLT309	B	chr10	43617379	43617486	hg19	RET		M918	108	108	CCATCTTCTCTTTAGGGTCGGA	AGAGAGCAACACCCACACTT	22	20				CCATCTTCTCTTTAGGGTCGGATTCCAGTTAAATGGATGGCAATTGAATCCCTTTTTGATCATATCTACACCACGCAAAGTGATGTGTAAGTGTGGGTGTTGCTCTCT
CG001v3.4.91	RET:V804	TMPLT544	A	chr10	43614928	43615044	hg19	RET		V804	117	117	GACCCAAGCTGCCTGACC	GGCTCTCGCGGAGGAAGC	18	18				GACCCAAGCTGCCTGACCCGCACGCCCAGGGCCCCCTCTCTCCGCCCCCAGGCCCGCTCCTCCTCATCGTGGAGTACGCCAAATACGGCTCCCTGCGGGGCTTCCTCCGCGAGAGCC
CG001v3.4.92	ROS1:L2026_G2032	TMPLT545	B	chr6	117638287	117638396	hg19	ROS1		L2026_G2032	110	110	ATGGATCCCAACTGCCTACC	TTGTCTGCTGAATGAACCCCA	20	21				ATGGATCCCAACTGCCTACCGTTGCCATCCGGGCTTTACGCAAATAAGTAAGAAGGTCTCCTCCCTCCATCAGTTCCAGGATAATGTATTGGGGTTCATTCAGCAGACAA
CG001v3.4.94	rs10092491	TMPLT465	B	chr8	28410994	28411127	hg19	rs10092491			134	134	CTGGATACCTCTGGGCCATA	TTTCGGCCCAACCAGTATCC	20	20				CTGGATACCTCTGGGCCATATATAAATAATTCTGTGATAGAGTGGCATTAGAAATTCCAGATAGAGCTAAAACTGAAGTTTTCCTTATAGAGATTTATCCTAGTTAGTTTGCGGGGATACTGGTTGGGCCGAAA
CG001v3.4.96	rs576261	TMPLT464	A	chr19	39559729	39559830	hg19	rs576261			102	102	GACCCTGCTGCACCTTTCC	AGGAGAGAGTTGTGAGGCCA	19	20				GACCCTGCTGCACCTTTCCTCCCCTCCCATCAACCTCTTTTGTGCCTCCCCCTCCGTGTACCACCTTCTCTGTCACCAACCCTGGCCTCACAACTCTCTCCT
CG001v3.4.97	SMO:D473	TMPLT547	C	chr7	128849121	128849234	hg19	SMO		D473	114	114	CCTCCACAGGCATTTTTGGC	CATAGTCCCGGAAGCTGCG	20	19				CCTCCACAGGCATTTTTGGCTTCCTGGCCTTTGGCTTTGTGCTCATTACCTTCAGCTGCCACTTCTACGACTTCTTCAACCAGGCTGAGTGGGAGCGCAGCTTCCGGGACTATG
CG001v3.4.98	SMO:S533_W535	TMPLT560	A	chr7	128850274	128850375	hg19	SMO		S533_W535	102	102	CCGAGCCTTCTGGTGGAGAA	CCTCCAGATGAGCAGCGTG	20	19				CCGAGCCTTCTGGTGGAGAAGATCAACCTGTTTGCCATGTTTGGAACTGGCATCGCCATGAGCACCTGGGTCTGGACCAAGGCCACGCTGCTCATCTGGAGG
CG001v3.4.102	TP53:Exon4_part1	TMPLT452	B	chr17	7579285	7579432	hg19	TP53		Exon4_part1	148	148	GGAAGCCAGCCCCTCAGG	TGCACCAGCCCCCTCCTG	18	18				GGAAGCCAGCCCCTCAGGGCAACTGACCGTGCAAGTCACAGACTTGGCTGTCCCAGAATGCAAGAAGCCCAGACGGAAACCGTAGCTGCCCTGGTAGGTTTTCTGGGAAGGGACAGAAGATGACAGGGGCCAGGAGGGGGCTGGTGCA
CG001v3.4.103	TP53:Exon4_part2	TMPLT384	C	chr17	7579381	7579520	hg19	TP53		Exon4_part2	140	140	GGTTTTCTGGGAAGGGACAG	AAGACCCAGGTCCAGATGA	20	19				GGTTTTCTGGGAAGGGACAGAAGATGACAGGGGCCAGGAGGGGGCTGGTGCAGGGGCCGCCGGTGTAGGAGCTGCTGGTGCAGGGGCCACGGGGGGAGCAGCCTCTGGCATTCTGGGAGCTTCATCTGGACCTGGGTCTT
CG001v3.4.105	TP53:Exon5_part1	TMPLT448	B	chr17	7578344	7578488	hg19	TP53		Exon5_part1	145	145	GTCGTCTCTCCAGCCCCAG	GATTCCACACCCCCGCCC	19	18				GTCGTCTCTCCAGCCCCAGCTGCTCACCATCGCTATCTGAGCAGCGCTCATGGTGGGGGCAGCGCCTCACAACCTCCGTCATGTGCTGTGACTGCTTGTAGATGGCCATGGCGCGGACGCGGGTGCCGGGCGGGGGTGTGGAATC
CG001v3.4.106	TP53:Exon5_part2	TMPLT449	C	chr17	7578437	7578580	hg19	TP53		Exon5_part2	144	144	GCTTGTAGATGGCCATGGC	ACTCTGTCTCCTTCCTCTTCC	19	21				GCTTGTAGATGGCCATGGCGCGGACGCGGGTGCCGGGCGGGGGTGTGGAATCAACCCACAGCTGCACAGGGCAGGTCTTGGCCAGTTGGCAAAACATCTTGTTGAGGGCAGGGGAGTACTGTAGGAAGAGGAAGGAGACAGAGT
CG001v3.4.108	TP53:Exon6_part2	TMPLT450	A	chr17	7578180	7578316	hg19	TP53		Exon6_part2	137	137	AGGCGGCTCATAGGGCAC	CTCTGATTCCTCACTGATTGCT	18	22				AGGCGGCTCATAGGGCACCACCACACTATGTCGAAAAGTGTTTCTGTCATCCAAATACTCCACACGCAAATTTCCTTCCACTCGGATAAGATGCTGAGGAGGGGCCAGACCTAAGAGCAATCAGTGAGGAATCAGAG
CG001v3.4.109	TP53:Exon7_part1	TMPLT439	C	chr17	7577459	7577580	hg19	TP53		Exon7_part1	122	122	CACAGCAGGCCAGTGTGC	ACAACTACATGTGTAACAGTTCCT	18	24				CACAGCAGGCCAGTGTGCAGGGTGGCAAGTGGCTCCTGACCTGGAGTCTTCCAGTGTGATGATGGTGAGGATGGGCCTCCGGTTCATGCCGCCCATGCAGGAACTGTTACACATGTAGTTGT
CG001v3.4.110	TP53:Exon7_part2	TMPLT387	A	chr17	7577509	7577637	hg19	TP53		Exon7_part2	129	129	CCAGTGTGATGATGGTGAGGA	CCTCATCTTGGGCCTGTGTT	21	20				CCAGTGTGATGATGGTGAGGATGGGCCTCCGGTTCATGCCGCCCATGCAGGAACTGTTACACATGTAGTTGTAGTGGATGGTGGTACAGTCAGAGCCAACCTAGGAGATAACACAGGCCCAAGATGAGG
CG001v3.4.111	TP53:Exon8_part1	TMPLT380	A	chr17	7576994	7577130	hg19	TP53		Exon8_part1	137	137	ACCGCTTCTTGTCCTGCTTG	TTTGAGGTGCGTGTTTGTGC	20	20				ACCGCTTCTTGTCCTGCTTGCTTACCTCGCTTAGTGCTCCCTGGGGGCAGCTCGTGGTGAGGCTCCCCTTTCTTGCGGAGATTCTCTTCCTCTGTGCGCCGGTCTCTCCCAGGACAGGCACAAACACGCACCTCAAA
CG001v3.4.113	TP53:Exon9	TMPLT382	C	chr17	7576817	7576952	hg19	TP53		Exon9	136	136	ACTTTCCACTTGATAAGAGGTCCC	ATCACCTTTCCTTGCCTCTTT	24	21				ACTTTCCACTTGATAAGAGGTCCCAAGACTTAGTACCTGAAGGGTGAAATATTCTCCATCCAGTGGTTTCTTCTTTGGCTGGGGAGAGGAGCTGGTGTTGTTGGGCAGTGCTAGGAAAGAGGCAAGGAAAGGTGAT
CG001v3.4.118	rs1058083	TMPLT468	A	chr13	100038168	100038270	hg19	rs1058083			103	103	CCATGCACTGGTTCAAGGTTC	CTCCATCCCATTTCACCCG	21	19				CCATGCACTGGTTCAAGGTTCTGGAGTTCTCCATGAAACTTGGGTTAATTTTGCTCAGAGTATCCAGAGTTAGCCACTAGGCTGCGGGTGAAATGGGATGGAG
CG001v3.4.122	rs9951171	TMPLT467	A	chr18	9749826	9749936	hg19	rs9951171			111	111	TCGTTGTTCCTCTGGGATGC	GCTCAATTTTCTTGTCCCTGCT	20	22				TCGTTGTTCCTCTGGGATGCAACATGAGAGAGCAGCACACTGAGGCTTTATGGGTTGCCCTGCCACAAGTGAACAGGTCCCAGCATGAAAGCAGGGACAAGAAAATTGAGC
CG001v3.4.125	rs6811238	TMPLT463	C	chr4	169663570	169663687	hg19	rs6811238			118	118	CTGAGAGGAGAAGACTGTGTGT	CCAGGCATTTGACCTTCTAGC	22	21				CTGAGAGGAGAAGACTGTGTGTTTTAAAGCCAGGTTTGTTTAAAGTGTTATGATAGTATTAAGATGTTCTTTCATTTTCATAGAAGTACTTCATTTGGCTAGAAGGTCAAATGCCTGG
CG001v3.4.130	Y:SRY	TMPLTXXX	B	chrY	2655810	2655905	hg19	SRY			96	96	AGCAGTCAGGGAGGCAGATCA	CCCCCTAGTACCCTGACAATGTATT	21	25				CCCCCTAGTACCCTGACAATGTATTCATTCTCAAGCAAAACATGGTAATTCAGTAACGTTGACTACTTGCCCTGCTGATCTGCCTCCCTGACTGCT
CG001v3.4.131	ESR1:K303	TMPLT572	B	chr6	152265401	152265508	hg19	ESR1		K303	108	108	ACATGAGAGCTGCCAACCTT	CCAACAAGGCACTGACCATC	20	20				ACATGAGAGCTGCCAACCTTTGGCCAAGCCCGCTCATGATCAAACGCTCTAAGAAGAACAGCCTGGCCTTGTCCCTGACGGCCGACCAGATGGTCAGTGCCTTGTTGG
CG001v3.4.132	HRAS:G12_G13	TMPLT571	B	chr11	534244	534329	hg19	HRAS		G12_G13	86	86	GGTTCTGGATCAGCTGGATG	AGGAGCGATGACGGAATATAAGC	20	23				GGTTCTGGATCAGCTGGATGGTCAGCGCACTCTTGCCCACACCGCCGGCGCCCACCACCACCAGCTTATATTCCGTCATCGCTCCT
CG001v3.4.135	PDGFRA:L839-Y849_D842	TMPLT574	B	chr4	55152021	55152142	hg19	PDGFRA		L839-Y849_D842	122	122	ATCTGGCTGCTCGCAACGT	GTGAGGACGTACACTGCCTT	19	20				ATCTGGCTGCTCGCAACGTCCTCCTGGCACAAGGAAAAATTGTGAAGATCTGTGACTTTGGCCTGGCCAGAGACATCATGCATGATTCGAACTATGTGTCGAAAGGCAGTGTACGTCCTCAC
CG001v3.4.138	KIT:Exon13_part2	TMPLT579	A	chr4	55594202	55594320	hg19	KIT		Exon13_part2	119	119	AGCCCTCATGTCTGAACTCA	AGACAATAAAAGGCAGCTTGGAC	20	23				AGCCCTCATGTCTGAACTCAAAGTCCTGAGTTACCTTGGTAATCACATGAATATTGTGAATCTACTTGGAGCCTGCACCATTGGAGGTAAAGCCGTGTCCAAGCTGCCTTTTATTGTCT
CG001v3.4.142	EGFR:Exon18_part1	TMPLT610	C	chr7	55241584	55241681	hg19	EGFR		Exon18_part1	98	98	CCCTTGTCTCTGTGTTCTTGTC	GTTTCCTTCAAGATCCTCAAGAGA	22	24				CCCTTGTCTCTGTGTTCTTGTCCCCCCCAGCTTGTGGAGCCTCTTACACCCAGTGGAGAAGCTCCCAACCAAGCTCTCTTGAGGATCTTGAAGGAAAC
CG001v3.4.143	EGFR:Exon18_part2	TMPLT617	B	chr7	55241616	55241738	hg19	EGFR		Exon18_part2	123	123	TGTGGAGCCTCTTACACCCA	ACCTTATACACCGTGCCGAAC	20	21				TGTGGAGCCTCTTACACCCAGTGGAGAAGCTCCCAACCAAGCTCTCTTGAGGATCTTGAAGGAAACTGAATTCAAAAAGATCAAAGTGCTGGGCTCCGGTGCGTTCGGCACGGTGTATAAGGT
CG001v4.0.2	KIT:Exon9_part3	TMPLT698	A	chr4	55592120	55592251	hg19	KIT		Exon9_part3	132	132	GCATTCAAGCACAATGGCAC	AACATCCCCTTAAATTGGATTAAAAAG	20	27				GCATTCAAGCACAATGGCACGGTTGAATGTAAGGCTTACAACGATGTGGGCAAGACTTCTGCCTATTTTAACTTTGCATTTAAAGGTAACAACAAAGGTATATTTCTTTTTAATCCAATTTAAGGGGATGTT
CG001v4.0.4	KRAS:A146	TMPLT645	A	chr12	25378533	25378613	hg19	KRAS		A146	81	81	TTCAGTGTTACTTACCTGTCTTGT	CAGGCTCAGGACTTAGCAAGA	24	21				TTCAGTGTTACTTACCTGTCTTGTCTTTGCTGATGTTTCAATAAAAGGAATTCCATAACTTCTTGCTAAGTCCTGAGCCTG
CG001v4.0.5	POLE:Exon11_part2	TMPLT656	A	chr12	133252330	133252437	hg19	POLE		Exon11_part2	108	108	AAGTCCCCGTTGTAGGTGAC	CAGACCTCTGACTGCTGTGA	20	20				AAGTCCCCGTTGTAGGTGACCATGATGGTGGGTTTGGTCTCCTGGACGTGTTCAAACCACCTTTGGATCAGATGAGCCTGAACCCAAGTCACAGCAGTCAGAGGTCTG
CG001v4.0.6	BRAF:G466_F468_G469_Y472	TMPLT630	A	chr7	140481343	140481461	hg19	BRAF		G466_F468_G469_Y472	119	119	ACTTGTCACAATGTCACCACA	TTGGGAGATTCCTGATGGGC	21	20				ACTTGTCACAATGTCACCACATTACATACTTACCATGCCACTTTCCCTTGTAGACTGTTCCAAATGATCCAGATCCAATTCTTTGTCCCACTGTAATCTGCCCATCAGGAATCTCCCAA
CG001v4.0.7	MAP2K1:P387	TMPLT673	A	chr15	66782812	66782957	hg19	MAP2K1		P387	146	146	CCACGTCCTCTCGTTTCCTT	ACACTTAGACGCCAGCAGCA	20	20				CCACGTCCTCTCGTTTCCTTACATGCAGGTTCATGCTTTTATCAAGAGATCTGATGCTGAGGAAGTGGATTTTGCAGGTTGGCTCTGCTCCACCATCGGCCTTAACCAGCCCAGCACACCAACCCATGCTGCTGGCGTCTAAGTGT
CG001v4.0.8	MAP2K1:D67	TMPLT685	A	chr15	66727455	66727585	hg19	MAP2K1		D67	131	131	GCAGAAGGTGGGAGAACTGA	GCAAACTCACCTTTCTGGCC	20	20				GCAGAAGGTGGGAGAACTGAAGGATGACGACTTTGAGAAGATCAGTGAGCTGGGGGCTGGCAATGGCGGTGTGGTGTTCAAGGTCTCCCACAAGCCTTCTGGCCTGGTCATGGCCAGAAAGGTGAGTTTGC
CG001v4.0.9	PIK3CA:E542_E545_Q546_D549	TMPLT692	A	chr3	178936036	178936133	hg19	PIK3CA		E542_E545_Q546_D549	98	98	TGACAAAGAACAGCTCAAAGC	TTAGCACTTACCTGTGACTCC	21	21				TGACAAAGAACAGCTCAAAGCAATTTCTACACGAGATCCTCTCTCTGAAATCACTGAGCAGGAGAAAGATTTTCTATGGAGTCACAGGTAAGTGCTAA
CG001v4.0.10	POLE:Exon14_part1	TMPLT662	A	chr12	133249726	133249837	hg19	POLE		Exon14_part1	112	112	GCCGACAGGACAGATAATGC	TGCTGTCGCCACTTACTACC	20	20				GCCGACAGGACAGATAATGCTCACCTCGTCGGGCTCCATGGGAATAATGGTGCACAGAGCAAAGATGAATGGGTGGACGTACTTCATGTACAGGTAGTAAGTGGCGACAGCA
CG001v4.0.11	TP53:Exon4_part3	TMPLT390	A	chr17	7579442	7579618	hg19	TP53		Exon4_part3	177	177	GGTGTAGGAGCTGCTGGTG	TCTGACTGCTCTTTTCACCCAT	19	22				GGTGTAGGAGCTGCTGGTGCAGGGGCCACGGGGGGAGCAGCCTCTGGCATTCTGGGAGCTTCATCTGGACCTGGGTCTTCAGTGAACCATTGTTCAATATCGTCCGGGGACAGCATCAAATCATCCATTGCTTGGGACGGCAAGGGGGACTGTAGATGGGTGAAAAGAGCAGTCAGA
CG001v4.0.12	MET:Exon13_part3	TMPLT702	A	chr7	116411631	116411776	hg19	MET		Exon13_part3	146	146	GTGTTGTCTCAATATCAACAGCACTG	ACAATCTTAAACTGTAATGACTGTGTT	26	27				GTGTTGTCTCAATATCAACAGCACTGTTATTACTACTTGGGTTTTTCCTGTGGCTGAAAAAGAGAAAGCAAATTAAAGGTGCATTTTTGTTACTGTTCATTTTTAGAAGTTACCTTAAGAACACAGTCATTACAGTTTAAGATTGT
CG001v4.0.13	AR:L702H	TMPLT693	A	chrX	66931427	66931517	hg19	AR		L702H	91	91	ACGACAACAACCAGCCCGA	GCCCACTTGACCACGTGTA	19	19				ACGACAACAACCAGCCCGACTCCTTTGCAGCCTTGCTCTCTAGCCTCAATGAACTGGGAGAGAGACAGCTTGTACACGTGGTCAAGTGGGC
CG001v4.0.14	POLE:Exon13_part3	TMPLT725	A	chr12	133250211	133250344	hg19	POLE		Exon13_part3	134	134	CGGGATCATAGCCTAGCTTGG	CCGGGCTGCATGTTAGAATC	21	20				CGGGATCATAGCCTAGCTTGGCCTTGGCGGCCGCCTTGAGATTATGACTGCCCACAGGAAGGTAACTGTCCCTCTTCACCCACCTGGAAGGAGAATGAGAACAGAAGCCAGGATGATTCTAACATGCAGCCCGG
CG001v4.0.18	rs5926602	TMPLT626	A	chrX	27130899	27130978	hg19	rs5926602			80	80	AGGTACAGAGAGCATTGCACT	AATTTACAGAATTCAGAGAACTGCT	21	25				AGGTACAGAGAGCATTGCACTTTTAAAAAAAAATGTGTCCAACTGAACAACAAAGAGCAGTTCTCTGAATTCTGTAAATT
CG001v4.0.19	rs993934	TMPLT629	A	chr2	124109158	124109253	hg19	rs993934			96	96	AGGCAATAGAGCAAAGTATTGTG	TCCCATGATGAAACAGTTTGCAC	23	23				AGGCAATAGAGCAAAGTATTGTGATAACAGTCTCCAGAGTATATTAGCTTAGTTCATAACCTGTAATCATTTAGTGCAAACTGTTTCATCATGGGA
CG001v4.0.20	rs1821380	TMPLT628	A	chr15	39313350	39313445	hg19	rs1821380			96	96	GCTATGGAACCTCTGCTGTCT	GCACAATGGAGCCACTGAAC	21	20				GCTATGGAACCTCTGCTGTCTTTTCCTGACATTCTCCTTCTTCTATCTGTATCCCTTACTGCATTTTTGCACTGCAGTTCAGTGGCTCCATTGTGC
CG001v4.0.21	rs4364205	TMPLT730	A	chr3	32417596	32417724	hg19	rs4364205			129	129	GCAATTCCAGTCCTAGATATCCA	TTCACCATTTGATAGCCATTTGG	23	23				GCAATTCCAGTCCTAGATATCCACCCATGAGAAATATATCCACAAAAATATTGAGCAAGAATATGCATAGCAGCTGTATTCATAGTTGCCCCAAACTGGAAACAACCCAAATGGCTATCAAATGGTGAA
CG001v4.0.23	EGFR:Exon20_part3	TMPLT521	B	chr7	55249099	55249224	hg19	EGFR		Exon20_part3	126	126	GGACTATGTCCGGGAACACA	GTGAGGATCCTGGCTCCTTATC	20	22				GGACTATGTCCGGGAACACAAAGACAATATTGGCTCCCAGTACCTGCTCAACTGGTGTGTGCAGATCGCAAAGGTAATCAGGGAAGGGAGATACGGGGAGGGGAGATAAGGAGCCAGGATCCTCAC
CG001v4.0.25	MAP2K2:L119	TMPLT670	B	chr19	4110575	4110676	hg19	MAP2K2		L119	102	102	GCGAGTTGCATTCGTGCA	GTCTCGCCCCTCTCCCCTT	18	19				GCGAGTTGCATTCGTGCAGGACCTGCAGCTCGCGGATGATCTGGTTCCGGATGGCCGGCTTGATCTCAAGGTGGATCAGCTGCAAGGGGAGAGGGGCGAGAC
CG001v4.0.27	MAP2K1:Q56_K57_K59	TMPLT686	B	chr15	66727349	66727492	hg19	MAP2K1		Q56_K57_K59	144	144	CCCCACTTTGGAACAGGACC	TCTCAAAGTCGTCATCCTTCAGT	20	23				CCCCACTTTGGAACAGGACCAACTTGGAGGCCTTGCAGAAGAAGCTGGAGGAGCTAGAGCTTGATGAGCAGCAGCGAAAGCGCCTTGAGGCCTTTCTTACCCAGAAGCAGAAGGTGGGAGAACTGAAGGATGACGACTTTGAGA
CG001v4.0.29	ALK:F1174	TMPLT709	B	chr2	29443664	29443785	hg19	ALK		F1174	122	122	CCCCAATGCAGCGAACAATG	AACTTTGTATCCTGTTCCTCCC	20	22				CCCCAATGCAGCGAACAATGTTCTGGTGGTTGAATTTGCTGCAGAGCAGAGAGGGATGTAACCAAAATTAACTGAGCTGAGTCTGGGCAAATCTTAAACTGGGAGGAACAGGATACAAAGTT
CG001v4.0.30	MAP2K1:C121_P124	TMPLT732	B	chr15	66729065	66729194	hg19	MAP2K1		C121_P124	130	130	TTCTTCCACCTTTCTCCAGCTA	GTAGAACGCACCATAGAAGCC	22	21				TTCTTCCACCTTTCTCCAGCTAATTCATCTGGAGATCAAACCCGCAATCCGGAACCAGATCATAAGGGAGCTGCAGGTTCTGCATGAGTGCAACTCTCCGTACATCGTGGGCTTCTATGGTGCGTTCTAC
CG001v4.0.31	POLE:Exon12_part2	TMPLT658	B	chr12	133252018	133252132	hg19	POLE		Exon12_part2	115	115	TGTACTCCCCCTGGCTGT	CTTGCTTGTCTGTCCTCTTTCC	18	22				TGTACTCCCCCTGGCTGTCCTTCTGGAAGCCTATCTCCTGCTGCATGCTCAGACCGTGGACTGCTGCCCGGGCCTCCACAAATGGCCTGGGTTGGAAAGAGGACAGACAAGCAAG
CG001v4.0.32	POLE:Exon9_part1	TMPLT713	B	chr12	133253096	133253225	hg19	POLE		Exon9_part1	130	130	TCCCAGGAGCTTACTTCCCA	GGCATTTGACATTGAGACGACC	20	22				TCCCAGGAGCTTACTTCCCAGAAGCCACCTGCTCACCTGGCCATCGATCATGTAGGAAATCATCATAATCTGGTCTGTCTCAGCATCAGGAAACTTGAGGGGCAGTTTGGTCGTCTCAATGTCAAATGCC
CG001v4.0.33	POLE:Exon10_part1	TMPLT715	B	chr12	133252639	133252778	hg19	POLE		Exon10_part1	140	140	TCCCACAATACCGGGTAGTTTC	ACCAACAGGGAGATTGTTTCAGA	22	23				TCCCACAATACCGGGTAGTTTCCCAAGTGATACCTCCTTACCTCATCGGGTTCATTGAAGACACAAAAGGGGCCTTCATATTCTGGCTTGGGGGTGAACTCAAAATCTTCAATATCTTCTGAAACAATCTCCCTGTTGGT
CG001v4.0.34	POLE:Exon13_part1	TMPLT728	B	chr12	133250074	133250223	hg19	POLE		Exon13_part1	150	150	GATGTGGCTCACATGCCT	GGCTATGATCCCGTGGAG	18	18				GATGTGGCTCACATGCCTGGGGCTGCTCCGTGGCCATCTGGATGCGTGCACACGGCAGCAGGGGCAGCCGGGATGTGGCTTACGTGCCTGGGGCTGCTCCGTGGCCATCCGGCACATGTCCTCCGGGTCTAGCTCCACGGGATCATAGCC
CG001v4.0.35	EGFR:Exon20_part1	TMPLT695	C	chr7	55248956	55249102	hg19	EGFR		Exon20_part1	147	147	CCACACTGACGTGCCTCTCC	GTCCAGGAGGCAGCCGAA	20	18				CCACACTGACGTGCCTCTCCCTCCCTCCAGGAAGCCTACGTGATGGCCAGCGTGGACAACCCCCACGTGTGCCGCCTGCTGGGCATCTGCCTCACCTCCACCGTGCAGCTCATCACGCAGCTCATGCCCTTCGGCTGCCTCCTGGAC
CG001v4.0.36	KIT:T670	TMPLT640	C	chr4	55595462	55595550	hg19	KIT		T670	89	89	ATCTCACCTTCTTTCTAACCTTTTC	ATTCAAAAGATCACCATAGCAACA	25	24				ATCTCACCTTCTTTCTAACCTTTTCTTATGTGCTTTTAGGGCCCACCCTGGTCATTACAGAATATTGTTGCTATGGTGATCTTTTGAAT
CG001v4.0.37	POLE:Exon14_part2	TMPLT663	C	chr12	133249784	133249889	hg19	POLE		Exon14_part2	106	106	GCAAAGATGAATGGGTGGACG	CCTGCTCTCTGGCGTTCTC	21	19				GCAAAGATGAATGGGTGGACGTACTTCATGTACAGGTAGTAAGTGGCGACAGCATCTGACACAGAATACGTGGCCAGAGTCTGAGGAGAGAACGCCAGAGAGCAGG
CG001v4.0.38	POLE:Exon12_part1	TMPLT657	C	chr12	133251961	133252065	hg19	POLE		Exon12_part1	105	105	CCATGCTGCTCTGTGGCC	GCATGCAGCAGGAGATAGG	18	19				CCATGCTGCTCTGTGGCCCCTACCTGAGGCAGTCCATGTGGATGCACTGGGGCGCCTTGTACTCCCCCTGGCTGTCCTTCTGGAAGCCTATCTCCTGCTGCATGC
CG001v4.0.39	KRAS:K117	TMPLT671	C	chr12	25378561	25378680	hg19	KRAS		K117	120	120	GCTGATGTTTCAATAAAAGGAATTCCA	TGAAGATGTACCTATGGTCCTAGTA	27	25				GCTGATGTTTCAATAAAAGGAATTCCATAACTTCTTGCTAAGTCCTGAGCCTGTTTTGTGTCTACTGTTCTAGAAGGCAAATCACATTTATTTCCTACTAGGACCATAGGTACATCTTCA
CG001v4.0.40	ALK:L1196_L1198_G1202_D1203_S1206	TMPLT699	C	chr2	29443561	29443684	hg19	ALK		L1196_L1198_G1202_D1203_S1206	124	124	TTCTCACTCACCGGGCGA	ACATTGTTCGCTGCATTGGG	18	20				TTCTCACTCACCGGGCGAGGGCGGGTCTCTCGGAGGAAGGACTTGAGGTCTCCCCCCGCCATGAGCTCCAGCAGGATGAACCGGGGCAGGGATTGCAGGCTCACCCCAATGCAGCGAACAATGT
CG001v4.0.41	MET:Exon13_part1	TMPLT705	C	chr7	116411506	116411633	hg19	MET		Exon13_part1	128	128	ATCTATCATGGCTAAATGCTGACT	CACCAGCAATCAATCCTGTGAAA	24	23				ATCTATCATGGCTAAATGCTGACTTTTCTTTATTTGTCATTTTTAGTGGAAGCAAGCAATTTCTTCAACCGTCCTTGGAAAAGTAATAGTTCAACCAGATCAGAATTTCACAGGATTGATTGCTGGTG
CG001v4.0.42	POLE:Exon11_part1	TMPLT655	C	chr12	133252284	133252387	hg19	POLE		Exon11_part1	104	104	TGCTGCCCAGTTACTCATAGAGA	GGTTTGAACACGTCCAGGAGA	23	21				TGCTGCCCAGTTACTCATAGAGAAGACACAGACTCACCAGTCAAAAAAGTCCCCGTTGTAGGTGACCATGATGGTGGGTTTGGTCTCCTGGACGTGTTCAAACC
CG001v4.0.43	POLE:Exon9_part2	TMPLT652	C	chr12	133253155	133253272	hg19	POLE		Exon9_part2	118	118	TCATCATAATCTGGTCTGTCTCAG	GAGCTTGGCTTTATGCTTATTTTGT	24	25				TCATCATAATCTGGTCTGTCTCAGCATCAGGAAACTTGAGGGGCAGTTTGGTCGTCTCAATGTCAAATGCCAAAACCACAGGGTCCTGTGGGGACAAAATAAGCATAAAGCCAAGCTC
CG001v4.0.44	POLE:Exon10_part2	TMPLT654	C	chr12	133252710	133252823	hg19	POLE		Exon10_part2	114	114	GCCTTCATATTCTGGCTTGGG	TGACTTGTGCTGATTGCTAATGA	21	23				GCCTTCATATTCTGGCTTGGGGGTGAACTCAAAATCTTCAATATCTTCTGAAACAATCTCCCTGTTGGTGATGAGGTAGCCCTAGCCAAGTTCATTAGCAATCAGCACAAGTCA
CG001v4.0.45	POLE:Exon13_part2	TMPLT729	C	chr12	133250179	133250325	hg19	POLE		Exon13_part2	147	147	CATCCGGCACATGTCCTC	CATCCTGGCTTCTGTTCTCA	18	20				CATCCGGCACATGTCCTCCGGGTCTAGCTCCACGGGATCATAGCCTAGCTTGGCCTTGGCGGCCGCCTTGAGATTATGACTGCCCACAGGAAGGTAACTGTCCCTCTTCACCCACCTGGAAGGAGAATGAGAACAGAAGCCAGGATG
CG001v4.0.48	TP53:Exon6_part1_Y220	TMPLT376	C	chr17	7578137	7578264	hg19	TP53		Exon6_part1_Y220	128	128	CTTAACCCCTCCTCCCAGAGA	CCGAGTGGAAGGAAATTTGCG	21	21				CTTAACCCCTCCTCCCAGAGACCCCAGTTGCAAACCAGACCTCAGGCGGCTCATAGGGCACCACCACACTATGTCGAAAAGTGTTTCTGTCATCCAAATACTCCACACGCAAATTTCCTTCCACTCGG
CG001v4.0.49	TP53:Exon8_part2	TMPLT381	B	chr17	7577058	7577194	hg19	TP53		Exon8_part2	137	137	CCCCTTTCTTGCGGAGATTC	CCTTACTGCCTCTTGCTTCTCTTTT	20	25				CCCCTTTCTTGCGGAGATTCTCTTCCTCTGTGCGCCGGTCTCTCCCAGGACAGGCACAAACACGCACCTCAAAGCTGTTCCGTCCCAGTAGATTACCACTACTCAGGATAGGAAAAGAGAAGCAAGAGGCAGTAAGG
CG001v4.0.50	EGFR:S492	TMPLT711	B	chr7	55227981	55228085	hg19	EGFR		S492	105	105	CCTCCGGTCAGAAAACCAAA	ATAAAGGACCCATTAGAACCAACT	20	24				CCTCCGGTCAGAAAACCAAAATTATAAGCAACAGAGGTGAAAACAGCTGCAGTAAGTCACCGCTTTCTGTTTAGTTTATGGAGTTGGTTCTAATGGGTCCTTTAT
CG001v4.0.51	PDGFRA:R560-E571	TMPLT558	A	chr4	55140979	55141109	hg19	PDGFRA		R560-E571	131	131	CACCAGTTACCTGTCCTGGTC	TCTTGAGTCATAAGGCAGCTG	21	21				CACCAGTTACCTGTCCTGGTCATTTATAGAAACCGAGGTATGAAATTCGCTGGAGGGTCATTGAATCAATCAGCCCAGATGGACATGAATATATTTATGTGGACCCGATGCAGCTGCCTTATGACTCAAGA
CG001v4.0.52	BRAF:Q201	TMPLT347	C	chr7	140508667	140508778	hg19	BRAF		Q201	112	112	ATTTCACGTCACATACAAACCAT	AGTTACAGTCCGAGACAGTCT	23	21				ATTTCACGTCACATACAAACCATACCCATCCTGAATTCTGTAAACAGCACAGCACTCTGGGATTAGACCTCTCATCATCAGTGCTTTCTTTAGACTGTCTCGGACTGTAACT
CG001v4.0.53	rs7520386	TMPLT734	B	chr1	14155347	14155460	hg19	rs7520386			114	114	GCTGAGTGACCAGGACTGTAC	CCTGCGGTACCCAAGAAGAC	21	20				GCTGAGTGACCAGGACTGTACGTGTGTCCACCAAGGGAACGTGAGGAGGCCACACGTACAGCTCACCAAACACATCAGCCGTGGCTGGGACAGAGTCTTCTTGGGTACCGCAGG
CG001v4.0.54	rs3091244	TMPLT735	A	chr1	159684617	159684713	hg19	rs3091244			97	97	TTGGCTATCTATCCTGCGAAAA	GAAGTAGGTGTTGGAGAGGCA	22	21				TTGGCTATCTATCCTGCGAAAATAATGGGAAATGGTAACATATTAAACGAGTGGCCATCTGGGTGCACGTGGTAGCTGCCTCTCCAACACCTACTTC
CG001v4.0.55	rs3780962	TMPLT736	A	chr10	17193302	17193412	hg19	rs3780962			111	111	AGAAACATGGGATGAACAAGGTC	GGTTCTGTGACTGGTGGTGT	23	20				AGAAACATGGGATGAACAAGGTCAAGATATCAGCTTTCACCCGTAAGGACAGGTTAGTGTTTTTCTTCAAAAGCCCGCTACCGCAGAATACACACCACCAGTCACAGAACC
CG001v4.0.56	rs1498553	TMPLT737	A	chr11	5708992	5709079	hg19	rs1498553			88	88	CAGGATGAAAGTTCACTTCAGATGT	TTCTTCCCTTCTCAGCACTTCC	25	22				CAGGATGAAAGTTCACTTCAGATGTTCAAAGCCAGACGAGAATAAAAGGATGGCTATGAGATCTATGGAAGTGCTGAGAAGGGAAGAA
CG001v4.0.57	rs987640	TMPLT740	C	chr22	33559439	33559552	hg19	rs987640			114	114	GCTACTCCACTGTTTGGCATG	CCCATGCCATCGTCTGTATT	21	20				GCTACTCCACTGTTTGGCATGAACTTGTTCATTACAGGTACATTCACTTAACAGGCTCTCTTTCCACCCTTGTAGAAATACAAAAATAAGACTTAATACAGACGATGGCATGGG
CG001v4.0.58	rs321198	TMPLT743	A	chr7	137029792	137029904	hg19	rs321198			113	113	ACACACAGGCTTCAGGTTACC	AATGTGCGTTTCTCCACACTT	21	21				ACACACAGGCTTCAGGTTACCTGTTTTCCTTTTGTGATTCCACTTCTGTGTGAAGCAAGCAGTGCTTGTTTTAATCAGATTTCACCTGTATAAAGTGTGGAGAAACGCACATT
CG001v4.0.59	rs1523537	TMPLT746	B	chr20	51296094	51296216	hg19	rs1523537			123	123	GCTTAGGGTCTTAATACATTCATTTCT	AGGACTGGGTGAGACAATGC	27	20				GCTTAGGGTCTTAATACATTCATTTCTGCATGGGTGGGGTTTCAGTCTGCAACAAGATCTTGTAGGGATGCTATCGCTGGCTATTAGGTGATCACAGTTCTGTGCATTGTCTCACCCAGTCCT
CG001v4.0.60	rs214955	TMPLT747	C	chr6	152697651	152697740	hg19	rs214955			90	90	CTGTTCTTTATTCTGGCAGCCC	ACTTTATCGCTTTTTCCTGCCAT	22	23				CTGTTCTTTATTCTGGCAGCCCTTGGATGCTTGCAAACAAAGACTGAAAAGGTGACGCAAAAATTTAATGGCAGGAAAAAGCGATAAAGT
CG001v3.4.66	MET:Exon14-50+25_part3	TMPLT566	A	chr7	116411970	116412100	hg19	MET		Exon14-50+25_part3	131	131	TGCCCGAAGTGTAAGCCC	CACAACCCACTGAGGTATATGTA	18	23				TGCCCGAAGTGTAAGCCCAACTACAGAAATGGTTTCAAATGAATCTGTAGACTACCGAGCTACTTTTCCAGAAGGTATATTTCAGTTTATTGTTCTGAGAAATACCTATACATATACCTCAGTGGGTTGTG
CG001v3.4.88	PTEN:R130	TMPLT415	C	chr10	89692858	89692944	hg19	PTEN		R130	87	87	AGATGACAATCATGTTGCAGCA	CCCCGATGTAATAAATATGCACATAT	22	26				AGATGACAATCATGTTGCAGCAATTCACTGTAAAGCTGGAAAGGGACGAACTGGTGTAATGATATGTGCATATTTATTACATCGGGG
CG001v3.4.56	KRAS:G12_G13	TMPLT321	C	chr12	25398214	25398331	hg19	KRAS		G12_G13	118	118	TGTTGGATCATATTCGTCCACAAAA	AGGCCTGCTGAAAATGACTGA	25	21				TGTTGGATCATATTCGTCCACAAAATGATTCTGAATTAGCTGTATCGTCAAGGCACTCTTGCCTACGCCACCAGCTCCAACTACCACAAGTTTATATTCAGTCATTTTCAGCAGGCCT
CG001v3.4.62	MAP2K2:F57_Q60_K61	TMPLT332	C	chr19	4117483	4117588	hg19	MAP2K2		F57_Q60_K61	106	106	GCCCAGCTCTGAGATCCTTT	GGAACTTGACGAGCAGCAGA	20	20				GCCCAGCTCTGAGATCCTTTCGAAGTCATCGTCTTTGAGTTCGCCGACCTTGGCTTTCTGGGTGAGAAAGGCTTCCAGCCGCTTCTTCTGCTGCTCGTCAAGTTCC
CG001v4.0.1	EGFR:Exon18_part3	TMPLT696	A	chr7	55241666	55241794	hg19	EGFR		Exon18_part3	129	129	GGATCTTGAAGGAAACTGAATTCAA	CCACCAGACCATGAGAGGC	25	19				GGATCTTGAAGGAAACTGAATTCAAAAAGATCAAAGTGCTGGGCTCCGGTGCGTTCGGCACGGTGTATAAGGTAAGGTCCCTGGCACAGGCCTCTGGGCTGGGCCGCAGGGCCTCTCATGGTCTGGTGG
CG001v3.4.64	MET:Exon14-50+25_part2	TMPLT565	B	chr7	116411900	116412027	hg19	MET		Exon14-50+25_part2	128	128	AAGATCTGGGCAGTGAATTAGT	TCGGTAGTCTACAGATTCATTTGA	22	24				AAGATCTGGGCAGTGAATTAGTTCGCTACGATGCAAGAGTACACACTCCTCATTTGGATAGGCTTGTAAGTGCCCGAAGTGTAAGCCCAACTACAGAAATGGTTTCAAATGAATCTGTAGACTACCGA
